user_supplied_name,submitted_name,data_source_title,score,matched_name2
Acanthus ilicifolius,Acanthus ilicifolius,National Center for Biotechnology Information,0.988,Acanthus ilicifolius
Acer rubrum,Acer rubrum,National Center for Biotechnology Information,0.988,Acer rubrum
Achillea millefolium,Achillea millefolium,National Center for Biotechnology Information,0.988,Achillea millefolium
Acrostichium aureum,Acrostichium aureum,Catalogue of Life - June 2021,0.75,Acrostichum aureum
Aegiceras corniculatum,Aegiceras corniculatum,National Center for Biotechnology Information,0.988,Aegiceras corniculatum
Agrostis spp.,Agrostis spp.,Catalogue of Life - June 2021,0.75,Agrostis
Agrostis stolonifera,Agrostis stolonifera,National Center for Biotechnology Information,0.988,Agrostis stolonifera
Alnus rubra,Alnus rubra,Wikispecies,0.988,Alnus rubra
Alnus serrulata,Alnus serrulata,Wikispecies,0.988,Alnus serrulata
Alternanthera philoxeroides,Alternanthera philoxeroides,Wikispecies,0.988,Alternanthera philoxeroides
Amaranthus cannabinus,Amaranthus cannabinus,Wikispecies,0.988,Amaranthus cannabinus
Ambrosia psilostachya,Ambrosia psilostachya,Wikispecies,0.988,Ambrosia psilostachya
Ambrosia trifida,Ambrosia trifida,National Center for Biotechnology Information,0.988,Ambrosia trifida
Ampelopsis arborea,Ampelopsis arborea,Freebase,0.988,Ampelopsis arborea
Amphibolis antarctica,Amphibolis antarctica,Wikispecies,0.988,Amphibolis antarctica
Amphibolis australis,Amphibolis australis,Catalogue of Life - June 2021,0.75,Amphibolis
Angelica lucida,Angelica lucida,National Center for Biotechnology Information,0.988,Angelica lucida
Asparagus officinalis,Asparagus officinalis,Wikispecies,0.988,Asparagus officinalis
Athyrium filix-femina,Athyrium filix-femina,Wikispecies,0.988,Athyrium filix-femina
Avicennia africana,Avicennia africana,uBio NameBank,0.988,Avicennia africana
Avicennia alba,Avicennia alba,National Center for Biotechnology Information,0.988,Avicennia alba
Avicennia corniculatum,Avicennia corniculatum,Catalogue of Life - June 2021,0.75,Avicennia
Avicennia germinans,Avicennia germinans,National Center for Biotechnology Information,0.988,Avicennia germinans
Avicennia marina,Avicennia marina,National Center for Biotechnology Information,0.988,Avicennia marina
Avicennia marina; Sonneratia alba,Avicennia marina; sonneratia alba,Catalogue of Life - June 2021,0.75,Avicennia
Avicennia officinalis,Avicennia officinalis,National Center for Biotechnology Information,0.988,Avicennia officinalis
Avicennia schaueriana,Avicennia schaueriana,National Center for Biotechnology Information,0.988,Avicennia schaueriana
Avicennia schauerianna,Avicennia schauerianna,Catalogue of Life - June 2021,0.75,Avicennia schaueriana
Avicennia spp.,Avicennia spp.,Catalogue of Life - June 2021,0.75,Avicennia
Baccharis halimifolia,Baccharis halimifolia,National Center for Biotechnology Information,0.988,Baccharis halimifolia
Batis maritima,Batis maritima,National Center for Biotechnology Information,0.988,Batis maritima
Bidens laevis,Bidens laevis,Wikispecies,0.988,Bidens laevis
Bolboschoenus fluviatilis,Bolboschoenus fluviatilis,Wikispecies,0.988,Bolboschoenus fluviatilis
Bolboschoenus maritimus,Bolboschoenus maritimus,Wikispecies,0.988,Bolboschoenus maritimus
Borrichia frutescens,Borrichia frutescens,Wikispecies,0.988,Borrichia frutescens
Bromus pacificus,Bromus pacificus,National Center for Biotechnology Information,0.988,Bromus pacificus
Bruguiera cylindrica,Bruguiera cylindrica,National Center for Biotechnology Information,0.988,Bruguiera cylindrica
Bruguiera gymnorrhiza,Bruguiera gymnorrhiza,Freebase,0.988,Bruguiera gymnorrhiza
Bruguiera parviflora,Bruguiera parviflora,National Center for Biotechnology Information,0.988,Bruguiera parviflora
Bruguiera sexangula,Bruguiera sexangula,National Center for Biotechnology Information,0.988,Bruguiera sexangula
Bulboschoenus robustus,Bulboschoenus robustus,Catalogue of Life - June 2021,0.75,Bolboschoenus robustus
Carex lyngbyei,Carex lyngbyei,Wikispecies,0.988,Carex lyngbyei
Carex obnupta,Carex obnupta,Wikispecies,0.988,Carex obnupta
Carex pluriflora,Carex pluriflora,National Center for Biotechnology Information,0.988,Carex pluriflora
Castilleja hyetophila,Castilleja hyetophila,Encyclopedia of Life,0.988,Castilleja hyetophila
Ceratophyllum demersum,Ceratophyllum demersum,Wikispecies,0.988,Ceratophyllum demersum
Ceriops australis,Ceriops australis,National Center for Biotechnology Information,0.988,Ceriops australis
Ceriops decanda,Ceriops decanda,Catalogue of Life - June 2021,0.75,Ceriops decandra
Ceriops tagal,Ceriops tagal,National Center for Biotechnology Information,0.988,Ceriops tagal
Chrysopsis pilosa,Chrysopsis pilosa,CU*STAR,0.988,Chrysopsis pilosa
Cladium mariscus,Cladium mariscus,Wikispecies,0.988,Cladium mariscus
Conioselinum gmelinii,Conioselinum gmelinii,National Center for Biotechnology Information,0.988,Conioselinum gmelinii
Conocarpus erectus,Conocarpus erectus,Wikispecies,0.988,Conocarpus erectus
Cornus sericea,Cornus sericea,Wikispecies,0.988,Cornus sericea
Cotula coronopifolia,Cotula coronopifolia,National Center for Biotechnology Information,0.988,Cotula coronopifolia
Crassostrea virginica,Crassostrea virginica,National Center for Biotechnology Information,0.988,Crassostrea virginica
Cuscuta salina,Cuscuta salina,Wikispecies,0.988,Cuscuta salina
Cuscuta spp.,Cuscuta spp.,Catalogue of Life - June 2021,0.75,Cuscuta
Cymodocea nodosa,Cymodocea nodosa,National Center for Biotechnology Information,0.988,Cymodocea nodosa
Cymodocea rotundata,Cymodocea rotundata,National Center for Biotechnology Information,0.988,Cymodocea rotundata
Cymodocea serrulata,Cymodocea serrulata,National Center for Biotechnology Information,0.988,Cymodocea serrulata
Cymodocea spp.,Cymodocea spp.,Catalogue of Life - June 2021,0.75,Cymodocea
Cyperus strigosus,Cyperus strigosus,National Center for Biotechnology Information,0.988,Cyperus strigosus
Dalbergia ecastaphyllum,Dalbergia ecastaphyllum,National Center for Biotechnology Information,0.988,Dalbergia ecastaphyllum
Deschampsia cespitosa,Deschampsia cespitosa,Wikispecies,0.988,Deschampsia cespitosa
Dichanthelium scoparium,Dichanthelium scoparium,National Center for Biotechnology Information,0.988,Dichanthelium scoparium
Distichlis spicata,Distichlis spicata,National Center for Biotechnology Information,0.988,Distichlis spicata
Echinochloa spp.,Echinochloa spp.,Catalogue of Life - June 2021,0.75,Echinochloa
Echinochloa walteri,Echinochloa walteri,National Center for Biotechnology Information,0.988,Echinochloa walteri
Eleocharis cellulosa,Eleocharis cellulosa,Wikispecies,0.988,Eleocharis cellulosa
Eleocharis palustris,Eleocharis palustris,Wikispecies,0.988,Eleocharis palustris
Eleocharis spp.,Eleocharis spp.,Catalogue of Life - June 2021,0.75,Eleocharis
Elymus athericus,Elymus athericus,National Center for Biotechnology Information,0.988,Elymus athericus
Enhalus acoroides,Enhalus acoroides,National Center for Biotechnology Information,0.988,Enhalus acoroides
Enhalus spp.,Enhalus spp.,Catalogue of Life - June 2021,0.75,Enhalus
Excoecaria agallocha,Excoecaria agallocha,National Center for Biotechnology Information,0.988,Excoecaria agallocha
Festuca rubra,Festuca rubra,National Center for Biotechnology Information,0.988,Festuca rubra
Fimbristylis castanea,Fimbristylis castanea,uBio NameBank,0.988,Fimbristylis castanea
Frankenia salina,Frankenia salina,National Center for Biotechnology Information,0.988,Frankenia salina
Fraxinus spp,Fraxinus spp,Catalogue of Life - June 2021,0.75,Fraxinus
Fritillaria camschatcensis,Fritillaria camschatcensis,National Center for Biotechnology Information,0.988,Fritillaria camschatcensis
Galium trifidum,Galium trifidum,Wikispecies,0.988,Galium trifidum
Glaux maritima,Glaux maritima,National Center for Biotechnology Information,0.988,Glaux maritima
Grindelia stricta,Grindelia stricta,National Center for Biotechnology Information,0.988,Grindelia stricta
Halodule spp.,Halodule spp.,Catalogue of Life - June 2021,0.75,Halodule
Halodule uninervis,Halodule uninervis,Wikispecies,0.988,Halodule uninervis
Halodule wrightii,Halodule wrightii,National Center for Biotechnology Information,0.988,Halodule wrightii
Halophila australis,Halophila australis,National Center for Biotechnology Information,0.988,Halophila australis
Halophila decipiens,Halophila decipiens,National Center for Biotechnology Information,0.988,Halophila decipiens
Halophila engelmanni,Halophila engelmanni,Encyclopedia of Life,0.988,Halophila engelmanni
Halophila minor,Halophila minor,National Center for Biotechnology Information,0.988,Halophila minor
Halophila ovalis,Halophila ovalis,Wikispecies,0.988,Halophila ovalis
Halophila stipulacea,Halophila stipulacea,National Center for Biotechnology Information,0.988,Halophila stipulacea
Heritiera littoralis,Heritiera littoralis,National Center for Biotechnology Information,0.988,Heritiera littoralis
Heterozostera nigraulis,Heterozostera nigraulis,Catalogue of Life - June 2021,0.75,Heterozostera nigricaulis
Hibiscus spp.,Hibiscus spp.,Catalogue of Life - June 2021,0.75,Hibiscus
Hordeum brachyantherum,Hordeum brachyantherum,National Center for Biotechnology Information,0.988,Hordeum brachyantherum
Hypericum mutilum,Hypericum mutilum,National Center for Biotechnology Information,0.988,Hypericum mutilum
Ilex decidua,Ilex decidua,National Center for Biotechnology Information,0.988,Ilex decidua
Ilex vomitoria,Ilex vomitoria,National Center for Biotechnology Information,0.988,Ilex vomitoria
Impatiens capensis,Impatiens capensis,National Center for Biotechnology Information,0.988,Impatiens capensis
Ipomoea sagittata,Ipomoea sagittata,Wikispecies,0.988,Ipomoea sagittata
Iva frutescens,Iva frutescens,National Center for Biotechnology Information,0.988,Iva frutescens
Jaumea carnosa,Jaumea carnosa,National Center for Biotechnology Information,0.988,Jaumea carnosa
Juncus arcticus,Juncus arcticus,National Center for Biotechnology Information,0.988,Juncus arcticus
Juncus balticus,Juncus balticus,National Center for Biotechnology Information,0.988,Juncus balticus
Juncus coriaceus,Juncus coriaceus,National Center for Biotechnology Information,0.988,Juncus coriaceus
Juncus roemerianus,Juncus roemerianus,National Center for Biotechnology Information,0.988,Juncus roemerianus
Juncus roemericanus,Juncus roemericanus,Catalogue of Life - June 2021,0.75,Juncus roemerianus
Juncus romerianus,Juncus romerianus,Catalogue of Life - June 2021,0.75,Juncus roemerianus
Kandelia candel,Kandelia candel,National Center for Biotechnology Information,0.988,Kandelia candel
Kandelia obovata,Kandelia obovata,National Center for Biotechnology Information,0.988,Kandelia obovata
Kosteletzkya virginica,Kosteletzkya virginica,Union 4,0.988,Kosteletzkya virginica
Laguncularia racemosa,Laguncularia racemosa,Wikispecies,0.988,Laguncularia racemosa
Lathyrus palustris,Lathyrus palustris,National Center for Biotechnology Information,0.988,Lathyrus palustris
Ligusticum hultenii,Ligusticum hultenii,Encyclopedia of Life,0.988,Ligusticum hultenii
Limonium carolinianum,Limonium carolinianum,National Center for Biotechnology Information,0.988,Limonium carolinianum
Liquidambar styraciflua,Liquidambar styraciflua,National Center for Biotechnology Information,0.988,Liquidambar styraciflua
Lolium perenne,Lolium perenne,National Center for Biotechnology Information,0.988,Lolium perenne
Lonicera involucrata,Lonicera involucrata,Wikispecies,0.988,Lonicera involucrata
Ludwigia alternifolia,Ludwigia alternifolia,National Center for Biotechnology Information,0.988,Ludwigia alternifolia
Ludwigia spp.,Ludwigia spp.,Catalogue of Life - June 2021,0.75,Ludwigia
Lumnitzera littorea,Lumnitzera littorea,Wikispecies,0.988,Lumnitzera littorea
Lumnitzera racemosa,Lumnitzera racemosa,National Center for Biotechnology Information,0.988,Lumnitzera racemosa
Lupinus nootkatensis,Lupinus nootkatensis,National Center for Biotechnology Information,0.988,Lupinus nootkatensis
Lycium carolinianum,Lycium carolinianum,National Center for Biotechnology Information,0.988,Lycium carolinianum
Lysichiton americanus,Lysichiton americanus,Wikispecies,0.988,Lysichiton americanus
Maianthemum dilatatum,Maianthemum dilatatum,National Center for Biotechnology Information,0.988,Maianthemum dilatatum
Malus fusca,Malus fusca,National Center for Biotechnology Information,0.988,Malus fusca
Monanthochloe littoralis,Monanthochloe littoralis,Encyclopedia of Life,0.988,Monanthochloe littoralis
Morella cerifera,Morella cerifera,National Center for Biotechnology Information,0.988,Morella cerifera
Murdannia keisak,Murdannia keisak,National Center for Biotechnology Information,0.988,Murdannia keisak
Nanozostera noltii,Nanozostera noltii,uBio NameBank,0.988,Nanozostera noltii
Nuphar advena,Nuphar advena,National Center for Biotechnology Information,0.988,Nuphar advena
Nuphar lutea,Nuphar lutea,National Center for Biotechnology Information,0.988,Nuphar lutea
Nyssa aquatica,Nyssa aquatica,National Center for Biotechnology Information,0.988,Nyssa aquatica
Nyssa biflora,Nyssa biflora,Encyclopedia of Life,0.988,Nyssa biflora
Oenanthe sarmentosa,Oenanthe sarmentosa,National Center for Biotechnology Information,0.988,Oenanthe sarmentosa
Panicum hallii,Panicum hallii,National Center for Biotechnology Information,0.988,Panicum hallii
Panicum hemitomon,Panicum hemitomon,Encyclopedia of Life,0.988,Panicum hemitomon
Panicum repens,Panicum repens,National Center for Biotechnology Information,0.988,Panicum repens
Panicum virgatum,Panicum virgatum,National Center for Biotechnology Information,0.988,Panicum virgatum
Paspalum vaginatum,Paspalum vaginatum,Wikispecies,0.988,Paspalum vaginatum
Pelliciera rhizophorae,Pelliciera rhizophorae,National Center for Biotechnology Information,0.988,Pelliciera rhizophorae
Peltandra virginica,Peltandra virginica,National Center for Biotechnology Information,0.988,Peltandra virginica
Phalaris arundinacea,Phalaris arundinacea,National Center for Biotechnology Information,0.988,Phalaris arundinacea
Phragmites australis,Phragmites australis,National Center for Biotechnology Information,0.988,Phragmites australis
Picea sitchensis,Picea sitchensis,Wikispecies,0.988,Picea sitchensis
Pilea pumila,Pilea pumila,National Center for Biotechnology Information,0.988,Pilea pumila
Plantago macrocarpa,Plantago macrocarpa,National Center for Biotechnology Information,0.988,Plantago macrocarpa
Plantago maritima,Plantago maritima,National Center for Biotechnology Information,0.988,Plantago maritima
Poaceae spp.,Poaceae spp.,Catalogue of Life - June 2021,0.75,Poaceae
Polygonum arifolium,Polygonum arifolium,The International Plant Names Index,0.988,Polygonum arifolium
Polygonum hydropiperoides,Polygonum hydropiperoides,Freebase,0.988,Polygonum hydropiperoides
Polygonum punctatum,Polygonum punctatum,CU*STAR,0.988,Polygonum punctatum
Polygonum sagittatum,Polygonum sagittatum,Freebase,0.988,Polygonum sagittatum
Polygonum spp.,Polygonum spp.,Catalogue of Life - June 2021,0.75,Polygonum
Posidonia australis,Posidonia australis,Wikispecies,0.988,Posidonia australis
Posidonia oceanica,Posidonia oceanica,National Center for Biotechnology Information,0.988,Posidonia oceanica
Posidonia sinuosa,Posidonia sinuosa,National Center for Biotechnology Information,0.988,Posidonia sinuosa
Potentilla anserina,Potentilla anserina,National Center for Biotechnology Information,0.988,Potentilla anserina
Potentilla spp.,Potentilla spp.,Catalogue of Life - June 2021,0.75,Potentilla
Prunus emarginata,Prunus emarginata,National Center for Biotechnology Information,0.988,Prunus emarginata
Puccinellia maritima,Puccinellia maritima,National Center for Biotechnology Information,0.988,Puccinellia maritima
Quercus laurifolia,Quercus laurifolia,National Center for Biotechnology Information,0.988,Quercus laurifolia
Quercus nigra,Quercus nigra,National Center for Biotechnology Information,0.988,Quercus nigra
Rhisophora mucronata,Rhisophora mucronata,Catalogue of Life - June 2021,0.75,Rhizophora mucronata
Rhizophora apiculata,Rhizophora apiculata,National Center for Biotechnology Information,0.988,Rhizophora apiculata
Rhizophora mangle,Rhizophora mangle,National Center for Biotechnology Information,0.988,Rhizophora mangle
Rhizophora mucronata,Rhizophora mucronata,National Center for Biotechnology Information,0.988,Rhizophora mucronata
Rhizophora racemosa,Rhizophora racemosa,National Center for Biotechnology Information,0.988,Rhizophora racemosa
Rhizophora spp,Rhizophora spp,Catalogue of Life - June 2021,0.75,Rhizophora
Rhizophora stylosa,Rhizophora stylosa,National Center for Biotechnology Information,0.988,Rhizophora stylosa
Rosa californica,Rosa californica,National Center for Biotechnology Information,0.988,Rosa californica
Rosa nutkana,Rosa nutkana,National Center for Biotechnology Information,0.988,Rosa nutkana
Rosa pisocarpa,Rosa pisocarpa,National Center for Biotechnology Information,0.988,Rosa pisocarpa
Rubus spectabilis,Rubus spectabilis,National Center for Biotechnology Information,0.988,Rubus spectabilis
Rubus trivialis,Rubus trivialis,National Center for Biotechnology Information,0.988,Rubus trivialis
Rumex occidentalis,Rumex occidentalis,National Center for Biotechnology Information,0.988,Rumex occidentalis
Rumex verticillatus,Rumex verticillatus,National Center for Biotechnology Information,0.988,Rumex verticillatus
Ruppia maritima,Ruppia maritima,National Center for Biotechnology Information,0.988,Ruppia maritima
Ruppia megacarpa,Ruppia megacarpa,National Center for Biotechnology Information,0.988,Ruppia megacarpa
Sabatia arenicola,Sabatia arenicola,National Center for Biotechnology Information,0.988,Sabatia arenicola
Saccharum giganteum,Saccharum giganteum,National Center for Biotechnology Information,0.988,Saccharum giganteum
Sagittaria lancifolia,Sagittaria lancifolia,National Center for Biotechnology Information,0.988,Sagittaria lancifolia
Sagittaria latifolia,Sagittaria latifolia,National Center for Biotechnology Information,0.988,Sagittaria latifolia
Salicornia bigelovii,Salicornia bigelovii,Wikispecies,0.988,Salicornia bigelovii
Salicornia depressa,Salicornia depressa,Wikispecies,0.988,Salicornia depressa
Salicornia pacifica,Salicornia pacifica,Wikispecies,0.988,Salicornia pacifica
Salicornia virginica,Salicornia virginica,Wikispecies,0.988,Salicornia virginica
Salix hookeriana,Salix hookeriana,National Center for Biotechnology Information,0.988,Salix hookeriana
Salix lasiolepis,Salix lasiolepis,National Center for Biotechnology Information,0.988,Salix lasiolepis
Samolus valerandi,Samolus valerandi,National Center for Biotechnology Information,0.988,Samolus valerandi
Sarcocornia pacifica,Sarcocornia pacifica,Encyclopedia of Life,0.988,Sarcocornia pacifica
Sarcocornia perennis,Sarcocornia perennis,Encyclopedia of Life,0.988,Sarcocornia perennis
Scheonoplectus americanus,Scheonoplectus americanus,Catalogue of Life - June 2021,0.75,Schoenoplectus americanus
Schizachyrium scoparium,Schizachyrium scoparium,National Center for Biotechnology Information,0.988,Schizachyrium scoparium
Schoenoplectus acutus,Schoenoplectus acutus,Wikispecies,0.988,Schoenoplectus acutus
Schoenoplectus americanus,Schoenoplectus americanus,Wikispecies,0.988,Schoenoplectus americanus
Schoenoplectus californicus,Schoenoplectus californicus,Wikispecies,0.988,Schoenoplectus californicus
Schoenoplectus maritimus,Schoenoplectus maritimus,uBio NameBank,0.988,Schoenoplectus maritimus
Schoenoplectus montevidensis,Schoenoplectus montevidensis,Catalogue of Life - June 2021,0.75,Schoenoplectus
Schoenoplectus robustus,Schoenoplectus robustus,CU*STAR,0.988,Schoenoplectus robustus
Schoenoplectus tabernaemontani,Schoenoplectus tabernaemontani,Wikispecies,0.988,Schoenoplectus tabernaemontani
Scirpus acutus,Scirpus acutus,Freebase,0.988,Scirpus acutus
Scirpus americanus,Scirpus americanus,Encyclopedia of Life,0.988,Scirpus americanus
Scirpus micranthus,Scirpus micranthus,CU*STAR,0.988,Scirpus micranthus
Scirpus microcarpus,Scirpus microcarpus,Wikispecies,0.988,Scirpus microcarpus
Scirpus robustus,Scirpus robustus,CU*STAR,0.988,Scirpus robustus
Sesbania herbacea,Sesbania herbacea,National Center for Biotechnology Information,0.988,Sesbania herbacea
Sesuvium portulacastrum,Sesuvium portulacastrum,National Center for Biotechnology Information,0.988,Sesuvium portulacastrum
Sonneratia alba,Sonneratia alba,National Center for Biotechnology Information,0.988,Sonneratia alba
Sonneratia apetala,Sonneratia apetala,National Center for Biotechnology Information,0.988,Sonneratia apetala
Sonneratia caseolaris,Sonneratia caseolaris,National Center for Biotechnology Information,0.988,Sonneratia caseolaris
Sonneratia lanceolata,Sonneratia lanceolata,National Center for Biotechnology Information,0.988,Sonneratia lanceolata
Spartina alterniflora,Spartina alterniflora,Freebase,0.988,Spartina alterniflora
Spartina bakeri,Spartina bakeri,Encyclopedia of Life,0.988,Spartina bakeri
Spartina cynosuroides,Spartina cynosuroides,Encyclopedia of Life,0.988,Spartina cynosuroides
Spartina foliosa,Spartina foliosa,Freebase,0.988,Spartina foliosa
Spartina patens,Spartina patens,Freebase,0.988,Spartina patens
Spartina spp.,Spartina spp.,Integrated Taxonomic Information SystemITIS,0.75,Spartina
Spergularia canadensis,Spergularia canadensis,Wikispecies,0.988,Spergularia canadensis
Spiraea douglasii,Spiraea douglasii,Wikispecies,0.988,Spiraea douglasii
Sporobolus alterniflorus,Sporobolus alterniflorus,Wikispecies,0.988,Sporobolus alterniflorus
Sporobolus virginicus,Sporobolus virginicus,National Center for Biotechnology Information,0.988,Sporobolus virginicus
Stellaria humifusa,Stellaria humifusa,Wikispecies,0.988,Stellaria humifusa
Suaeda linearis,Suaeda linearis,Wikispecies,0.988,Suaeda linearis
Suaeda spp.,Suaeda spp.,Catalogue of Life - June 2021,0.75,Suaeda
Symphyotrichum subspicatum,Symphyotrichum subspicatum,Wikispecies,0.988,Symphyotrichum subspicatum
Symphyotrichum tenuifolium,Symphyotrichum tenuifolium,Wikispecies,0.988,Symphyotrichum tenuifolium
Syringodium filiforme,Syringodium filiforme,Wikispecies,0.988,Syringodium filiforme
Syringodium isoetifolium,Syringodium isoetifolium,Wikispecies,0.988,Syringodium isoetifolium
Syringodium spp.,Syringodium spp.,Catalogue of Life - June 2021,0.75,Syringodium
Taxodium distichum,Taxodium distichum,Wikispecies,0.988,Taxodium distichum
Thalassia hemprichii,Thalassia hemprichii,National Center for Biotechnology Information,0.988,Thalassia hemprichii
Thalassia spp.,Thalassia spp.,Catalogue of Life - June 2021,0.75,Thalassia
Thalassia testudinum,Thalassia testudinum,National Center for Biotechnology Information,0.988,Thalassia testudinum
Thalassodendron ciliatum,Thalassodendron ciliatum,Wikispecies,0.988,Thalassodendron ciliatum
Thuja plicata,Thuja plicata,Wikispecies,0.988,Thuja plicata
Toxicodendron radicans,Toxicodendron radicans,National Center for Biotechnology Information,0.988,Toxicodendron radicans
Trapa natans,Trapa natans,National Center for Biotechnology Information,0.988,Trapa natans
Trientalis arctica,Trientalis arctica,Encyclopedia of Life,0.988,Trientalis arctica
Triglochin maritima,Triglochin maritima,National Center for Biotechnology Information,0.988,Triglochin maritima
Triglochin maritimum,Triglochin maritimum,Encyclopedia of Life,0.988,Triglochin maritimum
Typha angustifolia,Typha angustifolia,Wikispecies,0.988,Typha angustifolia
Typha domingensis,Typha domingensis,National Center for Biotechnology Information,0.988,Typha domingensis
Typha latifolia,Typha latifolia,National Center for Biotechnology Information,0.988,Typha latifolia
Typha spp.,Typha spp.,Catalogue of Life - June 2021,0.75,Typha
Xylocarpus granatum,Xylocarpus granatum,National Center for Biotechnology Information,0.988,Xylocarpus granatum
Zizania aquatica,Zizania aquatica,National Center for Biotechnology Information,0.988,Zizania aquatica
Zizaniopsis miliacea,Zizaniopsis miliacea,National Center for Biotechnology Information,0.988,Zizaniopsis miliacea
Zostera capensis,Zostera capensis,National Center for Biotechnology Information,0.988,Zostera capensis
Zostera capricorni,Zostera capricorni,National Center for Biotechnology Information,0.988,Zostera capricorni
Zostera japonica,Zostera japonica,National Center for Biotechnology Information,0.988,Zostera japonica
Zostera marina,Zostera marina,National Center for Biotechnology Information,0.988,Zostera marina
Zostera muelleri,Zostera muelleri,National Center for Biotechnology Information,0.988,Zostera muelleri
Zostera noltii,Zostera noltii,Encyclopedia of Life,0.988,Zostera noltii
